Figure Index, Root Mean Square, Pearson Correlation Coefficent
0, 0.07645038016368665, 0.12335761845662285
1, 0.08321733675076422, 0.3518280684584828
